time,dl_bytes,dl_thp,sl_prb
0,17992,6.91446,27
1,21970,6.8912,27
2,21970,6.8912,27
3,13487,6.25306,27
4,13487,6.25306,27
5,4528,4.30189,33
6,0,4.98432,33
7,12020,7.52787,36
8,12020,7.52787,36
9,17585,11.8402,42
10,17585,11.8402,42
11,30607,11.4979,39
12,30607,11.4979,39
13,39423,11.1078,24
14,39423,11.1078,24
15,0,5.6464,18
16,0,5.6464,18
17,12203,4.86214,33
18,12203,4.86214,33
19,15356,9.23661,42
20,15356,9.23661,42
21,23755,11.0544,30
22,23755,11.0544,30
23,31700,8.71238,33
24,31700,8.71238,33
25,40125,8.99962,24
26,0,4.9193,36
27,24927,8.1471,36
28,29974,10.0656,36
29,18745,11.0051,42
30,18745,11.0051,42
31,31528,11.6944,30
32,31528,11.6944,30
33,42576,8.92038,36
34,42576,8.92038,36
35,46310,10.4442,36
36,46310,10.4442,36
37,40561,10.9409,42
38,40561,10.9409,42
39,47850,10.6677,27
40,47850,10.6677,27
41,16606,7.25626,33
42,16606,7.25626,33
43,43423,8.9689,33
44,43423,8.9689,33
45,49191,8.99962,30
46,49191,8.99962,30
47,47688,8.68934,18
48,47688,8.68934,18
49,54689,4.95968,42
50,50818,10.9907,42
51,56509,11.137,33
52,56509,11.137,33
53,54697,9.54746,27
54,54697,9.54746,27
55,62739,7.21888,30
56,62739,7.21888,30
57,62621,8.65248,39
58,62621,8.65248,39
59,43029,11.0525,42
60,43029,11.0525,42
61,49729,10.6861,15
62,49729,10.6861,15
63,26122,4.5655,42
64,26122,4.5655,42
65,16316,10.5879,18
66,16316,10.5879,18
67,13889,4.75469,27
68,13889,4.75469,27
69,8892,4.55194,24
70,8892,4.55194,24
71,0,3.55974,27
72,0,3.55974,27
73,0,3.53792,27
74,0,3.53792,27
75,18863,4.1184,27
76,16284,6.40816,27
77,17000,7.34176,27
78,17000,7.34176,27
79,14319,6.40704,24
80,14319,6.40704,24
81,9570,10.4024,42
82,9570,10.4024,42
83,12165,11.5025,42
84,12165,11.5025,42
85,27270,1.15872,3
86,27270,1.15872,3
87,29740,0.826432,3
88,29740,0.826432,3
89,30817,0.81568,3
90,30817,0.81568,3
91,32081,0.77824,3
92,32081,0.77824,3
93,27047,0.795008,3
94,27047,0.795008,3
95,19759,0.898112,3
96,19759,0.898112,3
97,24899,0.822848,3
98,24899,0.822848,3
99,23034,0.772672,3
100,17089,0.840768,3
101,14496,0.7888,3
102,14496,0.7888,3
103,8895,0.7888,3
104,8895,0.7888,3
105,10804,0.844352,3
106,10804,0.844352,3
107,0,2.36938,24
108,0,2.36938,24
109,437,0.559488,3
110,437,0.559488,3
111,5106,0.850624,3
112,5106,0.850624,3
113,8463,0.831808,3
114,8463,0.831808,3
115,1247,0.799552,3
116,1247,0.799552,3
117,6483,0.8728,3
118,6483,0.8728,3
119,8681,0.781632,3
120,8681,0.781632,3
121,7871,0.77984,3
122,7871,0.77984,3
123,7557,0.804928,3
124,7557,0.804928,3
125,5348,0.82464,3
126,7265,0.7888,3
127,7679,0.7888,3
128,7679,0.7888,3
129,9244,0.89632,3
130,9244,0.89632,3
131,6267,6.6201,39
132,6267,6.6201,39
133,20376,1.30182,3
134,21833,0.85152,3
135,21405,0.81568,3
136,21405,0.81568,3
137,20596,0.77984,3
138,20596,0.77984,3
139,21961,0.751168,3
140,21961,0.751168,3
141,23103,0.772672,3
142,23103,0.772672,3
143,24292,0.804928,3
144,24292,0.804928,3
145,21698,0.790592,3
146,21698,0.790592,3
147,27454,0.81568,3
148,24030,0.760128,3
149,23322,0.82464,3
150,23322,0.82464,3
151,23736,0.7888,3
152,23736,0.7888,3
153,27988,0.817472,3
154,27988,0.817472,3
155,28722,0.867648,3
156,28722,0.867648,3
157,26894,0.86048,3
158,26894,0.86048,3
159,18838,0.826432,3
160,18838,0.826432,3
161,22537,0.77984,3
162,22537,0.77984,3
163,22847,0.744,3
164,22847,0.744,3
165,15639,0.744,3
166,15639,0.744,3
167,16333,0.77984,3
168,16333,0.77984,3
169,15523,0.77984,3
170,15523,0.77984,3
171,16985,0.85152,3
172,12544,0.840768,3
173,10119,0.790592,3
174,10119,0.790592,3
175,13434,0.744,3
176,13434,0.744,3
177,14166,0.867648,3
178,14166,0.867648,3
179,14468,0.799552,3
180,14468,0.799552,3
181,7643,0.77984,3
182,7643,0.77984,3
183,8273,0.822848,3
184,8273,0.822848,3
185,10182,0.844352,3
186,10182,0.844352,3
187,7869,0.77984,3
188,7869,0.77984,3
189,8560,0.77984,3
190,8560,0.77984,3
191,11877,0.744,3
192,11877,0.744,3
193,8444,0.81568,3
194,8444,0.81568,3
195,8513,0.840768,3
196,8513,0.840768,3
197,7623,0.93216,3
198,10940,0.745792,3
199,11674,0.867648,3
200,11674,0.867648,3
201,11976,0.799552,3
202,11976,0.799552,3
203,13789,0.744,3
204,13789,0.744,3
205,14129,0.88736,3
206,14129,0.88736,3
207,11080,0.85152,3
208,11080,0.85152,3
209,0,2.56342,27
210,0,2.56342,27
211,6834,0.748416,3
212,6834,0.748416,3
213,12037,0.781632,3
214,12037,0.781632,3
215,13123,0.760128,3
216,13123,0.760128,3
217,10418,0.799552,3
218,10418,0.799552,3
219,12615,0.77984,3
220,12615,0.77984,3
221,15196,0.81568,3
222,7645,0.795968,3
223,11834,0.86048,3
224,11834,0.86048,3
225,10526,0.754752,3
226,10526,0.754752,3
227,13843,0.744,3
228,13843,0.744,3
229,7295,3.89062,27
230,7295,3.89062,27
231,16995,1.1721,3
232,17520,0.77984,3
233,21387,0.77984,3
234,21387,0.77984,3
235,22465,0.81568,3
236,22465,0.81568,3
237,13018,0.81568,3
238,13018,0.81568,3
239,12207,0.77984,3
240,12207,0.77984,3
241,7943,0.787008,3
242,7943,0.787008,3
243,5952,2.67318,18
244,5952,2.67318,18
245,0,3.77568,42
246,0,0.976416,24
247,15564,0.854528,3
248,15564,0.854528,3
249,13747,0.804928,3
250,13747,0.804928,3
251,16048,0.826432,3
252,16048,0.826432,3
253,21068,0.88736,3