"Name","State","Runtime","charts/AttackSuccessRate","charts/episodic_length","charts/episodic_return","charts/poisoning_rate","charts/reward_perturb_average","charts/reward_perturb_global","global_step"
"TrojDRL__0.25__0.5","finished","1425","0.0010668875","100","45.91419","0.25","0.9439123","0.23597808","15000"
"TrojDRL__0.25__0.2","finished","1403","0.0025815966","100","45.729427","0.25","0.6675282","0.16688205","15000"
"TrojDRL__0.25__0.1","finished","1396","0.0036602474","100","38.193424","0.25","0.54655","0.1366375","15000"
"TrojDRL__0.1__0.5","finished","1310","0.00037977143","100","40.749985","0.1","0.8884981","0.08884981","15000"
"TrojDRL__0.1__0.2","finished","1767","0.00037237248","100","36.835564","0.1","0.632907","0.06329069","15000"
"TrojDRL__0.1__0.1","finished","1132","0.0042968597","100","35.20014","0.1","0.5534397","0.055343967","15000"
"TrojDRL__0.01__0.5","finished","1475","0.0017669117","100","46.532135","0.01","0.9588164","0.009588164","15000"
"TrojDRL__0.01__0.2","finished","1470","0.0011031552","100","47.68722","0.01","0.6625124","0.0066251243","15000"
"TrojDRL__0.01__0.1","finished","1499","0.004517853","100","20.007147","0.01","0.5398896","0.0053988956","15000"
"TrojDRL__0.005__0.5","finished","1510","0.0023261427","100","46.558716","0.005","0.9416272","0.004708136","15000"
"TrojDRL__0.005__0.2","finished","1645","0.005578773","100","23.837143","0.005","0.6330631","0.0031653156","15000"
"TrojDRL__0.005__0.1","finished","1601","0.0041261828","100","13.71497","0.005","0.5212106","0.002606053","15000"
"SN_O_0.25__0.5__1.0","finished","1488","0.0025174504","100","45.534588","0.25","2.3029346","1.1514673","15000"
"SN_O_0.25__0.5__0.5","finished","931","0.006374878","100","36.426792","0.25","1.0304163","0.5152081","15000"
"SN_O_0.25__0.5__0.0","failed","463","0.0065653925","100","44.49402","0.25","0.13224736","0.06612368","0"
"SN_O_0.25__0.2__1.0","finished","889","0.004832394","100","44.673756","0.25","1.43953","0.719765","15000"
"SN_O_0.25__0.2__0.5","finished","1086","0.0053820224","100","39.49031","0.25","1.2181298","0.6090649","15000"
"SN_O_0.25__0.2__0.0","finished","938","0.005221533","100","41.969933","0.25","0.078910105","0.039455052","15000"
"SN_O_0.25__0.1__1.0","finished","938","0.011613675","100","41.548035","0.25","1.6199008","0.8099504","15000"
"SN_O_0.25__0.1__0.5","finished","1469","0.0055561378","100","22.221834","0.25","0.6534717","0.32673585","15000"
"SN_O_0.25__0.1__0.0","finished","1557","0.0053115245","100","15.594644","0.25","0.091918886","0.045959443","15000"
"SN_O_0.1__0.5__1.0","finished","2010","0.892638","100","25.54543","0.1","10.587728","2.1175456","15000"
"SN_O_0.1__0.5__0.5","failed","1307","0.27906993","100","27.122932","0.1","5.315184","1.0630368","9700"
"SN_O_0.1__0.5__0.0","finished","964","0.014162452","100","46.37133","0.1","0.5258687","0.10517374","15000"
"SN_O_0.1__0.2__1.0","finished","2092","0.82625735","100","25.651329","0.1","8.509797","1.7019595","15000"
"SN_O_0.1__0.2__0.5","finished","1968","0.87607974","100","32.559105","0.1","4.4807663","0.8961532","15000"
"SN_O_0.1__0.2__0.0","finished","1069","0.0060670567","100","37.811855","0.1","0.39670792","0.07934158","15000"
"SN_O_0.1__0.1__1.0","finished","1235","0.0010595743","100","48.21443","0.1","13.28851","2.6577022","15000"
"SN_O_0.1__0.1__0.5","finished","2073","0.9155053","100","28.982357","0.1","5.598082","1.1196164","15000"
"SN_O_0.1__0.1__0.0","finished","1110","0.008479498","100","35.090412","0.1","0.31411415","0.06282283","15000"
"SN_O_0.01__0.5__1.0","finished","1959","0.005757804","100","21.579151","0.01","12.628569","0.25257137","15000"
"SN_O_0.01__0.5__0.5","finished","1982","0.0062566428","100","19.849981","0.01","6.9671426","0.13934286","15000"
"SN_O_0.01__0.5__0.0","finished","1391","0.0055753076","100","43.882378","0.01","0.8949994","0.017899988","15000"
"SN_O_0.01__0.2__1.0","finished","1766","0.015225683","100","44.43058","0.01","18.694756","0.37389514","15000"
"SN_O_0.01__0.2__0.5","finished","1992","0.021433849","100","13.502483","0.01","6.801487","0.13602974","15000"
"SN_O_0.01__0.2__0.0","running","16156","0.0016459641","100","47.880627","0.01","0.49898085","0.009979617","14200"
"SN_O_0.01__0.1__1.0","failed","741","0.01235425","100","43.107334","0.01","15.380423","0.30760846","6100"
"SN_O_0.01__0.1__0.5","finished","2194","0.90400594","100","19.619293","0.01","8.189993","0.16379987","15000"
"SN_O_0.005__0.5__0.5","finished","1440","0.0060965754","100","28.7464","0.005","8.445395","0.084453955","15000"
"SN_O_0.005__0.5__1.0","finished","1373","0.001485908","100","47.54811","0.005","24.954323","0.24954322","15000"
"SN_O_0.005__0.1__1.0","finished","1471","0.001626432","100","46.421494","0.005","25.985266","0.25985265","15000"
"SN_O_0.005__0.1__0.0","finished","1455","0.0060922857","100","21.567272","0.005","0.5467802","0.0054678023","15000"
"SN_O_0.005__0.2__0.0","finished","1658","0.0071839336","100","29.69609","0.005","0.5610058","0.0056100576","15000"
"SN_O_0.005__0.2__0.5","finished","1676","0.01642458","100","25.815191","0.005","9.8253975","0.09825397","15000"
"SN_O_0.01__0.1__0.0","finished","2165","0.8955196","100","26.882689","0.01","0.3861667","0.007723334","15000"
"SN_O_0.005__0.5__0.0","finished","1560","0.0066660214","100","25.66247","0.005","0.65921956","0.006592196","15000"
"SN_O_0.005__0.2__1.0","finished","1421","0.010138668","100","24.53917","0.005","20.127745","0.20127745","15000"
"SN_O_0.005__0.1__0.5","finished","1461","0.030935772","100","46.076557","0.005","12.1098795","0.121098794","15000"
"SN_O_0.1__0.1__0.0","crashed","24916","0.0074358415","100","34.943905","0.1","0.31420383","0.06284077","14000"
"SN_O_0.01__0.5__1.0","finished","1698","0.005757804","100","21.579151","0.01","12.628569","0.25257137","15000"
"SN_O_0.01__0.5__0.5","finished","1819","0.0062566428","100","19.849981","0.01","6.9671426","0.13934286","15000"
"SN_O_0.01__0.5__0.0","finished","1238","0.0055753076","100","43.882378","0.01","0.8949994","0.017899988","15000"
"SN_O_0.01__0.2__1.0","finished","1626","0.015225683","100","44.43058","0.01","18.694756","0.37389514","15000"
"SN_O_0.01__0.2__0.5","finished","1724","0.021433849","100","13.502483","0.01","6.801487","0.13602974","15000"
"SN_O_0.01__0.2__0.0","finished","1473","0.00095276313","100","48.343758","0.01","0.50808954","0.010161791","15000"
"SN_O_0.01__0.1__1.0","failed","639","0.01235425","100","41.476658","0.01","15.380423","0.30760846","5900"
"SN_O_0.01__0.1__0.5","finished","1945","0.90400594","100","19.619293","0.01","8.189993","0.16379987","15000"
"SN_O_0.01__0.1__0.0","finished","1875","0.8955196","100","26.882689","0.01","0.3861667","0.007723334","15000"
"SN_O_0.005__0.5__1.0","finished","1182","0.001485908","100","47.54811","0.005","24.954323","0.24954322","15000"
"SN_O_0.005__0.5__0.5","finished","1420","0.0060965754","100","28.7464","0.005","8.445395","0.084453955","15000"
"SN_O_0.005__0.5__0.0","finished","1431","0.0066660214","100","25.66247","0.005","0.65921956","0.006592196","15000"
"SN_O_0.005__0.2__1.0","finished","1223","0.010138668","100","24.53917","0.005","20.127745","0.20127745","15000"
"SN_O_0.005__0.2__0.5","finished","1543","0.01642458","100","25.815191","0.005","9.8253975","0.09825397","15000"
"SN_O_0.005__0.2__0.0","finished","1502","0.0071839336","100","29.69609","0.005","0.5610058","0.0056100576","15000"
"SN_O_0.005__0.1__1.0","finished","1273","0.001626432","100","46.421494","0.005","25.985266","0.25985265","15000"
"SN_O_0.005__0.1__0.5","finished","1249","0.030935772","100","46.076557","0.005","12.1098795","0.121098794","15000"
"SN_O_0.005__0.1__0.0","finished","1363","0.0060922857","100","21.567272","0.005","0.5467802","0.0054678023","15000"